model,accuracy,balanced_accuracy,precision,recall,f1_score,mcc,auc_roc,avg_precision,log_loss,fpr,fnr,calibrated_fpr,routed_pct,tp,tn,fp,fn
LightGBM,0.9982403777619387,0.998308129553538,0.9991857340607443,0.9976017235071745,0.9983931005024104,0.9964502106452249,0.999288885147481,0.9995855483135335,0.010255530051525012,0.0009854644000985464,0.002398276492825495,0.0006898250800689825,0.044547398431931576,24542,20275,20,59
VotingEnsemble,0.9981958303635068,0.9982631685664777,0.9991450207637814,0.9975610747530588,0.9983524195024713,0.9963603036532053,0.999307684319993,0.9995888916945483,0.010692774029041657,0.0010347376201034738,0.0024389252469411813,0.0005420054200542005,0.06013898788310763,24541,20274,21,60
StackingEnsemble,0.9981735566642908,0.9982299074905859,0.9990230797411161,0.9976423722612902,0.9983322486169867,0.9963149033006058,0.9993631865434618,0.9996185694924836,0.010896355731650065,0.0011825572801182557,0.0023576277387098088,0.0007883715200788372,0.028955808980755525,24543,20271,24,58
