model,accuracy,balanced_accuracy,precision,recall,f1_score,mcc,auc_roc,avg_precision,log_loss,fpr,fnr,fpr_at_threshold,routed_pct,tp,tn,fp,fn
XGBoost,0.9230535279805353,0.9307015712692128,0.9995012694958288,0.8619408820769472,0.9256382264024186,0.8568037910576393,0.998778383624399,0.9992048172418753,0.07600962402423937,0.0005377395385217052,0.13805911792305287,0.0005377395385217052,6.308654848800835,22045,20445,11,3531
LightGBM,0.9229883559263121,0.9306478156645928,0.9995465058274001,0.8617844854551142,0.9255674302391501,0.8567046504028469,0.9988817414084918,0.9992642527489224,0.07051297277066113,0.0004888541259288229,0.13821551454488584,0.0004888541259288229,6.547619047619048,22041,20446,10,3535
DecisionTree,0.9083029197080292,0.9173637973197644,0.9988786618698313,0.835900844541758,0.9101513442176291,0.8315928081738334,0.9761761301582598,0.9785984312197487,0.9748151762542857,0.0011732499022291747,0.1640991554582421,0.0011732499022291747,5.324556830031282,21379,20432,24,4197
