{
  "cv_5fold": {
    "macro_mcc": {
      "mean": 0.9685062853318795,
      "std": 0.0161137555304081,
      "min": 0.9362832221475598,
      "max": 0.9768099326647727,
      "vals": [
        0.9362832221475598,
        0.9768099326647727,
        0.9766830064731612,
        0.9760503411744071,
        0.9767049241994967
      ]
    },
    "macro_f1": {
      "mean": 0.9781118561422515,
      "std": 0.01301716718006299,
      "min": 0.9520878115607235,
      "max": 0.9850681119462402,
      "vals": [
        0.9520878115607235,
        0.9850681119462402,
        0.9847873001820867,
        0.983957201916723,
        0.9846588551054835
      ]
    },
    "phish_recall": {
      "mean": 0.9837207801074375,
      "std": 0.0012902689582826126,
      "min": 0.9822447685478757,
      "max": 0.9860727728983689,
      "vals": [
        0.9829495955196017,
        0.9822447685478757,
        0.9835869174553732,
        0.983749846115967,
        0.9860727728983689
      ]
    },
    "legit_fpr": {
      "mean": 0.010834187210162662,
      "std": 0.001030924767850466,
      "min": 0.009107468123861567,
      "max": 0.012345679012345678,
      "vals": [
        0.009107468123861567,
        0.010953902327704245,
        0.01076158940397351,
        0.011002297182928304,
        0.012345679012345678
      ]
    },
    "phish_as_legit": {
      "mean": 0.012614531365372333,
      "std": 0.0012669177980942938,
      "min": 0.010956543149082851,
      "max": 0.01420418516169943,
      "vals": [
        0.0134411947728687,
        0.01420418516169943,
        0.01317838744459087,
        0.010956543149082851,
        0.011292346298619825
      ]
    }
  },
  "test_primary": {
    "macro_mcc": 0.980394253585353,
    "macro_f1": 0.9869003985952061,
    "phish_recall": 0.986013164080865,
    "legit_fpr": 0.00784893641223979,
    "phish_as_legit": 0.010225669957686883,
    "per_class": {
      "legitimate": {
        "precision": 0.9866515837104073,
        "recall": 0.9921510635877602,
        "f1": 0.9893936815835744,
        "support": 8791,
        "roc_auc": 0.999432275050367,
        "pr_auc": 0.9993125594780282
      },
      "spam": {
        "precision": 0.9879813042510572,
        "recall": 0.980777728678745,
        "f1": 0.9843663377314558,
        "support": 4526,
        "roc_auc": 0.9995073265852547,
        "pr_auc": 0.9984243885512093
      },
      "phishing": {
        "precision": 0.9878709373528026,
        "recall": 0.986013164080865,
        "f1": 0.9869411764705882,
        "support": 8508,
        "roc_auc": 0.9990691258992548,
        "pr_auc": 0.9982317683556926
      }
    }
  },
  "calibration": {
    "ece_raw": 0.0043286531105347385,
    "ece_calibrated": 0.0043286531105347385,
    "temperature": 1.0,
    "brier_per_class": {
      "legitimate": 0.006753257293334454,
      "spam": 0.004884505759053377,
      "phishing": 0.008205305364511395
    },
    "optimal_threshold": 0.8,
    "optimal_threshold_fpr": 0.0050051188715732
  },
  "ood_evaluation": {
    "n": 2441,
    "accuracy": 0.0077836952068824255,
    "misclassifications": {
      "legitimate": 141,
      "spam": 2281,
      "phishing": 19
    },
    "per_source": {
      "D6_Nigerian": 0.010365853658536586,
      "D6_Nazario": 0.0024968789013732834
    }
  },
  "robustness": [
    {
      "noise_rate": 0.0,
      "accuracy": 0.9873997709049256,
      "macro_mcc": 0.980394253585353,
      "macro_f1": 0.9869003985952061,
      "phish_recall": 0.986013164080865,
      "legit_fpr": 0.00784893641223979
    },
    {
      "noise_rate": 0.05,
      "accuracy": 0.9830011454753723,
      "macro_mcc": 0.9735416659604768,
      "macro_f1": 0.9824956750216317,
      "phish_recall": 0.9835448989186648,
      "legit_fpr": 0.012399044477306337
    },
    {
      "noise_rate": 0.1,
      "accuracy": 0.9749828178694158,
      "macro_mcc": 0.9610625950289633,
      "macro_f1": 0.9744645517833607,
      "phish_recall": 0.9806064880112835,
      "legit_fpr": 0.023091798430212716
    },
    {
      "noise_rate": 0.2,
      "accuracy": 0.9425887743413517,
      "macro_mcc": 0.9116278651369066,
      "macro_f1": 0.9429997723674376,
      "phish_recall": 0.9793135872120358,
      "legit_fpr": 0.08804459105903766
    }
  ],
  "error_analysis": {
    "per_source_mcc": [
      {
        "source": "D1",
        "n": 14647,
        "accuracy": 0.9868915136205366,
        "mcc": 0.9771606599433498
      },
      {
        "source": "D2",
        "n": 779,
        "accuracy": 0.9871630295250321,
        "mcc": 0.9740056235280211
      },
      {
        "source": "D4_llm-generated",
        "n": 42,
        "accuracy": 0.9761904761904762,
        "mcc": 0.9128709291752768
      },
      {
        "source": "D7_Assassin",
        "n": 173,
        "accuracy": 0.9884393063583815,
        "mcc": 0.9735958485958486
      },
      {
        "source": "D7_CEAS-08",
        "n": 1143,
        "accuracy": 0.9956255468066492,
        "mcc": 0.991228451421716
      },
      {
        "source": "D7_Enron",
        "n": 976,
        "accuracy": 0.9918032786885246,
        "mcc": 0.983499851676339
      },
      {
        "source": "D7_Ling",
        "n": 80,
        "accuracy": 0.9625,
        "mcc": 0.7515901702828918
      },
      {
        "source": "D7_TREC-05",
        "n": 1704,
        "accuracy": 0.9870892018779343,
        "mcc": 0.9732511602421698
      },
      {
        "source": "D7_TREC-06",
        "n": 556,
        "accuracy": 0.9748201438848921,
        "mcc": 0.931986459371085
      },
      {
        "source": "D7_TREC-07",
        "n": 1696,
        "accuracy": 0.9899764150943396,
        "mcc": 0.980217586164402
      }
    ],
    "per_length_mcc": [
      {
        "bin": "[0-50)",
        "n": 5073,
        "accuracy": 0.9791050660358762,
        "mcc": 0.9679952165050173
      },
      {
        "bin": "[50-100)",
        "n": 4383,
        "accuracy": 0.9917864476386037,
        "mcc": 0.98735760380538
      },
      {
        "bin": "[100-300)",
        "n": 7547,
        "accuracy": 0.9907247913078044,
        "mcc": 0.9850898096229355
      },
      {
        "bin": "[300-500)",
        "n": 2310,
        "accuracy": 0.9874458874458875,
        "mcc": 0.9786193259185807
      },
      {
        "bin": "[500-inf)",
        "n": 2512,
        "accuracy": 0.9864649681528662,
        "mcc": 0.9763219151062079
      }
    ],
    "high_conf_errors": 130,
    "critical_fn_count": 87,
    "false_alarms": 47,
    "phish_as_spam": 32
  },
  "onnx": {
    "onnx_fp32_size_mb": 265.594393,
    "onnx_int8_size_mb": 66.784898,
    "size_reduction_pct": 74.8545527465258,
    "pytorch_vs_onnx_max_logit_diff": 2.2885231971740723,
    "pytorch_vs_onnx_agreement": 0.99,
    "pytorch_vs_onnx_mcc_diff": 0.015475761785934017,
    "cpu_latency_ms": {
      "p50": 80.70693149966246,
      "p95": 85.13761584945314,
      "p99": 97.94828923910266,
      "n_samples": 100
    }
  }
}